{
	"credit": "Made with Blockbench",
	"parent": "builtin/generated",
	"gui_light": "front",
	"display": {
		"thirdperson_righthand": {
			"rotation": [0, -90, 55],
			"translation": [0, 14, -0.25],
			"scale": [1.7, 1.7, 0.85]
		},
		"thirdperson_lefthand": {
			"rotation": [0, 90, -55],
			"translation": [0, 14, -0.25],
			"scale": [1.7, 1.7, 0.85]
		},
		"firstperson_righthand": {
			"rotation": [0, -90, 25],
			"translation": [0.63, 8.5, 1.63],
			"scale": [1.36, 1.36, 0.68]
		},
		"firstperson_lefthand": {
			"rotation": [0, 90, -25],
			"translation": [1.13, 8.5, 1.88],
			"scale": [1.36, 1.36, 0.68]
		},
		"ground": {
			"translation": [0, 5.5, 0],
			"scale": [1, 1, 0.5]
		},
		"gui": {
			"translation": [1.5, 2.75, 0]
		},
		"head": {
			"rotation": [0, 180, 0],
			"translation": [0, 13, 7],
			"scale": [2, 2, 1]
		},
		"fixed": {
			"rotation": [0, 180, 0],
			"translation": [-1.5, 2.75, 0]
		}
	}
}